id,District,Households_Rural,Households_Rural_Livable,Households_Rural_Dilapidated,Households_Rural_Toilet_Premise,Households_Urban,Households_Urban_Livable,Households_Urban_Dilapidated,Households_Urban_Toilet_Premise
1,Nicobars,31916,3798.004,191.496,12910.022,0,0,0,0
2,North  and Middle Andaman,117273,17317.313,1055.457,18763.68,3282,611.546,72.204,613.734
3,South Andaman,104703,11691.835,1221.535,22580.947,151893,10835.034,607.572,44454.018
4,Anantapur,2708991,195950.349,26186.913,198659.34,1024293,71359.079,4438.603,260170.422
5,Chittoor,0,0,0,0,1187700,58197.3,4750.8,322658.5
6,East Godavari,3598437,364641.616,46779.681,563755.13,1219086,84929.658,6908.154,354754.026
7,Guntur,3209631,331661.87,44934.834,497492.805,1539339,112371.747,9749.147,442816.519
8,Krishna,2727876,280061.936,40008.848,511022.104,1701126,113975.442,9639.714,527349.06
9,Kurnool,2351559,211640.31,25867.149,216343.428,920946,64466.22,4297.748,223175.914
10,Prakasam,2620458,260298.828,36686.412,244576.08,642267,45386.868,4281.78,165704.886
11,Sri Potti Sriramulu Nellore,2067411,192269.223,29632.891,175729.935,793128,43886.416,5023.144,208328.288
12,Srikakulam,2258256,241633.392,26346.32,96352.256,449052,32032.376,2544.628,98641.756
13,Visakhapatnam,2156541,213497.559,23003.104,153833.258,1981479,112283.81,7265.423,551511.655
14,Vizianagaram,1777374,183069.522,19551.114,63393.006,471168,31411.2,2984.064,104285.184
15,West Godavari,3021765,302176.5,48348.24,593273.195,745119,52406.703,5464.206,220306.851
16,Y.S.R.,1771767,129338.991,15355.314,167727.276,880512,54591.744,3228.544,232161.664
17,Anjaw,18075,3181.2,361.5,1668.925,1284,292.324,0,274.776
18,Changlang,100266,16644.156,568.174,21824.566,19494,2488.734,51.984,5932.674
19,Dibang Valley,6165,1021.335,147.96,1329.585,3525,573.4,65.8,965.85
20,East Kameng,43509,8440.746,377.078,3190.66,15645,2466.695,130.375,3337.6
21,East Siang,58491,5459.16,292.455,9241.578,28572,5371.536,409.532,8638.268
22,Kurung Kumey,55809,8315.541,2325.375,4371.705,3276,542.724,55.692,880.152
23,Lohit,100797,18177.059,2015.94,16631.505,34116,5310.724,409.392,10143.824
24,Lower Dibang Valley,36000,6324,384,5760,11850,1275.85,146.15,3499.7
25,Lower Subansiri,54336,7281.024,271.68,12334.272,16095,1314.425,37.555,5284.525
26,Papum Pare,60924,8996.444,812.32,11128.784,90540,9476.52,1056.3,27675.06
27,Tawang,32190,5032.37,439.93,7446.62,7356,613,14.712,2390.7
28,Tirap,55260,7975.86,184.2,15767.52,19500,3068,97.5,5973.5
29,Upper Siang,25707,2502.148,34.276,4824.347,6546,1036.45,24.002,1749.964
30,Upper Subansiri,43626,9146.918,363.55,5002.448,14016,1798.72,56.064,3975.872
31,West Kameng,53667,8640.387,447.225,6958.821,0,0,0,0
32,West Siang,66816,9176.064,178.176,15835.392,25509,2550.9,178.563,8128.868
33,Baksa,874923,187525.163,32663.792,112865.067,10740,1904.56,268.5,3368.78
34,Barpeta,1341567,282623.448,84071.532,312137.922,156576,17640.896,3862.208,48434.176
35,Bongaigaon,545769,116976.489,22740.375,89506.116,115410,11156.3,1654.21,35238.52
36,Cachar,1038681,197003.163,42239.694,268672.152,266799,33083.076,5424.913,85197.814
37,Chirang,387054,74185.35,14062.962,30964.32,34839,4587.135,1718.724,9859.437
38,Darrang,805551,154665.792,47796.026,127814.092,60567,6945.016,1736.254,18533.502
39,Dhemaji,635274,140183.796,21175.8,85338.474,49512,7971.432,1188.288,15777.824
40,Dhubri,1381806,295706.484,81065.952,179634.78,181251,24045.966,7370.874,48394.017
41,Dibrugarh,899556,162519.784,17091.564,222490.184,231489,22917.411,3163.683,74385.132
42,Dima Hasao,112830,23468.64,1692.45,21475.31,63927,9631.668,703.197,20584.494
43,Goalpara,685830,138080.44,28804.86,141966.81,118512,18329.856,3160.32,33578.4
44,Golaghat,878679,187451.52,23138.547,190673.343,102570,13231.53,1435.98,33403.63
45,Hailakandi,477645,94732.925,26748.12,130397.085,48606,4941.61,1231.352,15894.162
46,Jorhat,858990,174374.97,23192.73,168648.37,242472,28530.872,3232.96,76136.208
47,Kamrup,1171788,230842.236,48043.308,222639.72,131547,19775.899,3727.165,34509.163
48,Kamrup Metropolitan,184002,32139.016,6194.734,39683.098,1100574,100152.234,14307.462,355852.26
49,Karbi Anglong,647073,140414.841,9274.713,104610.135,111555,19336.2,1338.66,35139.825
50,Karimganj,785835,150880.32,39029.805,219247.965,98085,11802.895,2844.465,31844.93
51,Kokrajhar,614688,112692.8,26636.48,51019.104,51345,4244.52,804.405,15420.615
52,Lakhimpur,879717,190018.872,28444.183,157469.343,104082,13079.638,1908.17,32855.218
53,Morigaon,696618,145128.75,34366.488,132821.832,75825,10817.7,2325.3,22823.325
54,Nagaon,2024997,400274.407,93149.862,485999.28,372558,54269.282,7326.974,118225.072
55,Nalbari,632118,128530.66,20017.07,134219.722,84714,12227.054,2400.23,25442.438
56,Sivasagar,1080546,217189.746,21971.102,258970.858,135141,16397.108,1756.833,41983.804
57,Sonitpur,1449975,280811.825,49299.15,265828.75,193584,20778.016,2903.76,61301.6
58,Tinsukia,872112,162794.24,14535.2,224714.192,272730,33727.61,4545.5,85909.95
59,Udalguri,803370,160406.21,28653.53,111132.85,41505,4883.755,996.12,12423.83
60,Araria,1977183,424435.284,24385.257,44157.087,132639,21443.305,2829.632,24007.659
61,Arwal,403002,83152.746,10478.052,30225.15,29880,5149.32,607.56,3884.4
62,Aurangabad,1284873,247552.198,28267.206,73666.052,147018,20141.466,2646.324,33324.08
63,Banka,1276812,257490.42,28941.072,47242.044,55476,8672.748,943.092,8284.416
64,Begusarai,1783131,339389.267,68947.732,151566.135,417744,60572.88,13646.304,80346.096
65,Bhagalpur,1567581,307245.876,45982.376,131154.277,391902,55911.352,10058.818,93664.578
66,Bhojpur,1303677,251175.102,37806.633,89084.595,232104,31798.248,6344.176,53074.448
67,Buxar,897756,169975.136,31421.46,59850.4,106215,14020.38,3115.64,23792.16
68,Darbhanga,2721522,478987.872,73481.094,189599.366,286617,38215.6,8598.51,64011.13
69,Gaya,2088867,437269.492,55006.831,114887.685,333846,40061.52,5230.254,86577.396
70,Gopalganj,1547775,273956.175,41274,93382.425,114399,15100.668,2326.113,19371.564
71,Jamui,977727,209233.578,26072.72,38783.171,92553,15086.139,2622.335,15086.139
72,Jehanabad,559980,114235.92,16986.06,41625.18,84396,11027.744,1941.108,19045.364
73,Kaimur (Bhabua),975429,196061.229,21134.295,47145.735,45897,5125.165,703.754,10739.898
74,Katihar,2004696,414303.84,33411.6,84865.464,209514,29541.474,4958.498,47839.03
75,Khagaria,1121088,219733.248,33258.944,81092.032,63021,9936.311,1512.504,13927.641
76,Kishanganj,1205379,249915.246,14062.755,24911.166,130071,20117.648,3425.203,22502.283
77,Lakhisarai,527646,103594.498,13542.914,47136.376,95289,16612.049,2668.092,19566.008
78,Madhepura,1458834,311217.92,30149.236,54949.414,72000,11016,2088,12312
79,Madhubani,3142656,532156.416,49234.944,181226.496,123702,17606.918,2927.614,22884.87
80,Munger,666843,130256.666,17560.199,58015.341,257346,33626.544,5747.394,63650.244
81,Muzaffarpur,2996082,603211.176,83890.296,218713.986,362100,43693.4,8207.6,93059.7
82,Nalanda,1542423,306428.036,48843.395,117224.148,307566,42854.196,7279.062,75456.192
83,Nawada,1138653,236460.273,39093.753,65662.323,135969,17993.231,2900.672,31408.839
84,Pashchim Champaran,2518542,531412.362,41136.186,96544.11,289860,50145.78,7149.88,52078.18
85,Patna,1973973,384266.744,59877.181,181605.516,1656309,171151.93,28709.356,477569.095
86,Purba Champaran,3426780,639665.6,63966.56,177050.3,304695,43571.385,5789.205,54845.1
87,Purnia,2138541,464063.397,36355.197,61304.842,257247,39530.289,8317.653,50677.659
88,Rohtas,1537149,295644.991,32792.512,108112.813,287034,39993.404,5645.002,65443.752
89,Saharsa,1297953,278194.593,28554.966,54081.375,114138,16397.826,2815.404,25719.096
90,Samastipur,3038937,599683.568,98258.963,172206.43,130458,16785.596,2826.59,30527.172
91,Saran,2103969,360480.022,61015.101,124835.494,228897,31664.085,6027.621,45016.41
92,Sheikhpura,324879,64975.8,10179.542,26315.199,73035,10882.215,1801.53,12708.09
93,Sheohar,475452,94456.464,5388.456,31379.832,22548,3382.2,601.28,2773.404
94,Sitamarhi,2421882,473881.578,50052.228,150963.978,149010,20762.06,3228.55,30050.35
95,Siwan,1897542,294751.524,51866.148,127767.828,125574,14399.152,2553.338,29886.612
96,Supaul,1716861,355390.227,28042.063,52078.117,83445,14408.17,2169.57,13017.42
97,Vaishali,2097951,397911.373,86015.991,174829.25,154482,22966.324,5458.364,31926.28
98,Chandigarh,26733,4179.259,249.508,7841.68,868368,76995.296,10130.96,253563.456
99,Bastar,949275,165173.85,10758.45,43983.075,164682,19432.476,1591.926,33485.34
100,Bijapur,151347,28503.685,2118.858,1362.123,23826,4860.504,246.202,2231.702
101,Bilaspur,1648896,324832.512,28580.864,91238.912,564522,67930.814,5833.394,123630.318
102,Dakshin Bastar Dantewada,319635,53379.045,3409.44,7671.24,93912,11050.312,907.816,15589.392
103,Dhamtari,506067,92947.639,7084.938,40822.738,125376,16382.464,1462.72,22400.512
104,Durg,1600344,279526.752,26672.4,74682.72,1049223,103523.336,7694.302,218937.866
105,Janjgir - Champa,1138749,223953.97,21256.648,41754.13,183570,26801.22,2325.22,27168.36
106,Jashpur,0,0,0,0,62166,7832.916,248.664,8744.684
107,Kabeerdham,561933,114072.399,11613.282,16857.99,71604,8759.556,1217.268,11814.66
108,Korba,619794,112389.312,6611.136,24585.162,378165,37438.335,2016.88,73868.23
109,Koriya,365556,61535.26,2680.744,10357.42,179289,22411.125,776.919,35439.459
110,Mahasamund,824379,164875.8,12640.478,41768.536,107322,14738.888,1466.734,17922.774
111,Narayanpur,80748,15503.616,1184.304,1103.556,18537,3416.987,135.938,2731.118
112,Raigarh,1062834,203355.572,17005.344,46056.14,199914,25189.164,1999.14,38183.574
113,Raipur,2020497,383894.43,39736.441,86881.371,1185003,118895.301,11455.029,256750.65
114,Rajnandgaon,940812,149589.108,10662.536,58016.74,229584,25101.184,1913.2,40712.896
115,Surguja,0,0,0,0,195501,19159.098,1042.672,39947.371
116,Uttar Bastar Kanker,507573,78673.815,5075.73,25040.268,74634,9403.884,796.096,15150.702
117,Dadra and Nagar Haveli,144663,21940.555,385.768,12778.565,181686,12596.896,121.124,49236.906
118,Daman,30018,2641.584,90.054,5733.438,183219,22658.083,366.438,53011.364
119,Diu,29364,1243.076,29.364,4238.204,27186,969.634,18.124,6769.314
120,North Goa,347577,26647.57,2085.462,79595.133,627690,41009.08,2301.53,178473.19
121,South Goa,265860,20737.08,1772.4,65401.56,488619,39741.012,2443.095,138767.796
122,Ahmadabad,1059507,143033.445,7063.38,116192.601,5536149,441046.537,11072.298,1699597.743
123,Amreli,941142,90663.346,5333.138,163444.994,350697,28874.053,1168.99,91648.816
124,Anand,1239234,170601.214,8674.638,170601.214,626727,54525.249,2715.817,173394.47
125,Banas Kantha,2000319,258707.924,26670.92,114018.183,412272,32706.912,2061.36,107190.72
126,Bharuch,902031,114858.614,4510.155,137710.066,543957,36626.438,1087.914,162099.186
127,Bhavnagar,1161753,128567.332,5808.765,124307.571,1070478,91704.282,3925.086,291170.016
128,Dohad,971091,192599.715,6797.637,19745.517,158421,12462.452,580.877,37915.426
129,Gandhinagar,712872,86970.384,5465.352,101703.072,586902,47734.696,2543.242,158072.272
130,Jamnagar,1041474,104494.558,5554.528,120810.984,897501,68808.41,2991.67,250701.946
131,Junagadh,1467711,159980.499,8317.029,225049.02,862518,68713.934,4025.084,246392.642
132,Kachchh,1464879,124026.422,5371.223,240240.156,752946,53710.148,2509.82,220613.178
133,Kheda,1384437,194744.138,11536.975,117215.666,481641,40136.75,2408.205,126029.395
134,Mahesana,1428015,156129.64,12376.13,211346.22,551214,40054.884,2388.594,156177.3
135,Narmada,414363,60635.119,1795.573,22099.36,66744,7497.576,422.712,16619.256
136,Navsari,803217,92369.955,3748.346,119143.855,424251,28283.4,1272.753,121194.369
137,Panch Mahals,1390089,233534.952,12047.438,78771.71,312714,25434.072,1146.618,87664.158
138,Patan,904449,112453.159,11456.354,108232.397,307965,26177.025,1539.825,84587.72
139,Porbandar,288045,29188.56,2208.345,37541.865,262671,21539.022,1138.241,67769.118
140,Rajkot,1378422,130490.616,6892.11,202168.56,2164596,158015.508,7936.852,624125.18
141,Sabar Kantha,1632072,223593.864,11424.504,169191.464,364527,32928.939,1944.144,93197.403
142,Surat,1109520,114280.56,4438.08,184550.16,4589994,302939.604,7649.99,1435138.124
143,Surendranagar,1022364,124046.832,7838.124,70883.904,479430,38034.78,2237.34,111867
144,Tapi,576816,69794.736,1922.72,44222.56,78651,7812.666,209.736,20318.175
145,The Dangs,156306,18913.026,573.122,13181.806,22548,2014.288,52.612,4344.248
146,Vadodara,1642362,251828.84,10949.08,156024.39,2078913,137901.229,5543.768,636840.349
147,Valsad,787230,104176.77,3411.33,72425.16,707943,58051.326,2123.829,179345.56
148,Ambala,526095,77511.33,7540.695,89611.515,419673,39729.044,4616.403,124922.663
149,Bhiwani,1071141,163884.573,18923.491,175667.124,297705,41281.76,4366.34,86135.98
150,Faridabad,263100,37886.4,3771.1,51392.2,1148943,149745.571,9191.544,341619.052
151,Fatehabad,609060,94201.28,11572.14,148001.58,166080,18711.68,2712.64,50322.24
152,Gurgaon,425109,55689.279,4534.496,92957.168,1145964,104664.712,14897.532,350282.996
153,Hisar,906039,140436.045,16610.715,188758.125,462339,49624.386,5085.729,137931.135
154,Jhajjar,635448,95529.016,10378.984,123912.36,234984,32036.152,3524.76,71826.776
155,Jind,835005,142229.185,13916.75,142785.855,268995,30396.435,2510.62,78546.54
156,Kaithal,693273,112079.135,11092.368,133339.507,227088,27931.824,3103.536,62600.592
157,Karnal,878046,139023.95,14341.418,200779.852,407760,39824.56,3533.92,124502.72
158,Kurukshetra,610659,93634.38,8752.779,140655.123,264804,26127.328,3089.38,81559.632
159,Mahendragarh,671178,94188.646,6935.506,87253.14,132648,16448.352,1238.048,34134.752
160,Mewat,562194,109440.432,16865.82,33356.844,108711,14929.644,1739.376,22648.125
161,Palwal,558207,95081.259,11722.347,59728.149,189270,22838.58,2271.24,52238.52
162,Panchkula,212685,24955.04,3473.855,31193.8,280968,21259.912,4401.832,82042.656
163,Panipat,520506,82586.952,7287.084,115725.834,461412,59983.56,4460.316,145959.996
164,Rewari,598347,83170.233,6581.817,99325.602,207915,21484.55,1663.32,60849.79
165,Rohtak,525609,86375.079,8234.541,102318.552,395217,43869.087,3556.953,121331.619
166,Sirsa,736428,102363.492,14483.084,214791.5,279948,30794.28,3825.956,89490.044
167,Sonipat,851574,142496.716,13341.326,159528.196,400728,47553.056,4541.584,123157.072
168,Yamunanagar,643392,101012.544,13725.696,98653.44,429777,48564.801,5730.36,131655.021
169,Bilaspur,457374,41011.202,1981.954,104891.104,35961,2025.803,95.896,11207.845
170,Chamba,559185,70830.1,4287.085,90960.76,41508,2573.496,96.852,12037.32
171,Hamirpur,588348,42361.056,1961.16,174739.356,45696,2619.904,91.392,14059.136
172,Kangra,1764963,148845.213,8236.494,378878.724,117021,7411.33,624.112,32102.761
173,Kinnaur,89028,13042.602,445.14,30803.688,0,0,0,0
174,Kullu,503985,46198.625,2015.94,91053.29,62127,3189.186,269.217,18762.354
175,Lahul and Spiti,34868,5875.258,139.472,13615.954,0,0,0,0
176,Mandi,1293387,120716.12,6898.064,353525.78,95088,5483.408,221.872,29160.32
177,Shimla,837807,68141.636,6423.187,167002.862,287688,17357.176,1246.648,86977.672
178,Sirmaur,513306,52870.518,4790.856,97357.038,63162,4147.638,210.54,20232.894
179,Solan,578361,47232.815,3662.953,133023.03,154527,9632.183,721.126,46255.082
180,Una,555273,46828.023,2591.274,108833.508,60378,4910.744,966.048,15013.996
181,Anantnag,621201,89660.011,10560.417,105190.036,211998,20139.81,2190.646,53352.83
182,Badgam,481947,74380.487,6265.311,133820.617,81570,9190.22,706.94,24579.76
183,Bandipore,241563,43239.777,5958.554,56445.221,52665,5442.05,754.865,16554.365
184,Baramula,631629,97060.323,11158.779,156433.449,146796,16636.88,2446.6,45262.1
185,Doda,366801,73360.2,1956.272,29344.08,34050,2689.95,329.15,10600.9
186,Ganderbal,191364,30235.512,6059.86,44332.66,40674,2982.76,610.11,12378.454
187,Jammu,763698,97753.344,12473.734,62623.236,744129,56057.718,8433.462,210588.507
188,Kathua,544122,66564.258,6348.09,25755.108,100419,9037.71,1037.663,22460.383
189,Kishtwar,217134,37636.56,2460.852,14475.6,17979,809.055,41.951,5597.462
190,Kulgam,287856,47016.48,4509.744,40011.984,75534,10574.76,1057.476,14729.13
191,Kupwara,475314,92052.478,13150.354,77476.182,69678,11496.87,1114.848,16304.652
192,Pulwama,442560,63433.6,6785.92,92495.04,65109,9202.072,651.09,19771.433
193,Punch,396417,78622.705,3171.336,18103.043,45807,4168.437,122.152,11497.557
194,Rajouri,588210,103721.03,5293.89,19999.14,52524,3256.488,297.636,14969.34
195,Ramban,252843,43404.715,1769.901,15002.018,16023,1030.813,128.184,4417.007
196,Reasi,286716,52469.028,1433.58,8601.48,36783,4843.095,134.871,9661.668
197,Samba,282741,28745.335,3110.151,24504.22,59967,3558.042,219.879,14132.223
198,Shupiyan,226848,25104.512,4461.344,44613.44,15816,1813.568,173.976,4997.856
199,Srinagar,13554,1734.912,284.634,4007.466,773163,59791.272,5669.862,252824.301
200,Udhampur,445992,66452.808,2973.28,11001.136,104088,5898.32,624.528,26056.696
201,Bokaro,750936,125906.936,10262.792,16520.592,775356,94851.884,8270.464,162049.404
202,Chatra,602922,115560.05,9043.83,13264.284,43584,6740.992,595.648,9544.896
203,Deoghar,772119,155968.038,13126.023,14155.515,193011,24062.038,2702.154,43942.171
204,Dhanbad,776292,135074.808,12161.908,31569.208,1216365,180427.475,15812.745,240434.815
205,Dumka,911091,194062.383,18221.82,18829.214,69843,7799.135,1164.05,14946.402
206,Garhwa,818616,170272.128,12552.112,13370.728,57540,8535.1,1304.24,8880.34
207,Giridih,1357692,242574.304,14029.484,26248.712,140658,17347.82,1594.124,28741.118
208,Godda,829362,173336.658,25433.768,21839.866,46728,5731.968,654.192,10108.824
209,Gumla,649887,137126.157,6282.241,13864.256,49335,6314.88,822.25,11264.825
210,Hazaribagh,938949,151796.755,10328.439,29107.419,206295,22761.215,2062.95,50542.275
211,Jamtara,496665,103637.43,8112.195,7284.42,60339,6737.855,663.729,12087.913
212,Khunti,0,0,0,0,0,0,0,0
213,Kodarma,350142,61041.422,4901.988,8870.264,104313,15542.637,1877.634,17489.813
214,Latehar,439131,84898.66,3220.294,10539.144,42411,5739.622,706.85,7888.446
215,Lohardaga,290277,60474.375,2709.252,7063.407,44175,5330.45,647.9,10381.125
216,Pakur,601764,120152.212,14241.748,14642.924,49761,7746.129,945.459,7712.955
217,Palamu,1066587,223272.212,22398.327,26309.146,157125,21002.375,2828.25,30534.625
218,Pashchimi Singhbhum,1010784,171496.352,13477.12,12466.336,190188,23773.5,2852.82,37340.244
219,Purbi Singhbhum,787611,133893.87,15227.146,35705.032,1026378,88268.508,7868.898,276095.682
220,Ramgarh,402201,67167.567,5094.546,14747.37,355674,47186.084,4268.088,71134.8
221,Ranchi,1262220,231407,12622.2,55537.68,930726,98656.956,12719.922,245401.422
222,Sahibganj,670350,145465.95,16311.85,20557.4,112629,17457.495,2928.354,20385.849
223,Saraikela-Kharsawan,651744,116227.68,7820.928,13903.872,205317,25048.674,2326.926,44143.155
224,Simdega,432507,85924.724,4180.901,7064.281,33342,4445.6,444.56,5934.876
225,Bagalkot,974397,139338.771,16889.548,23385.528,497574,54567.282,6136.746,70489.65
226,Bangalore,901728,86565.888,7514.4,224830.848,8902152,590509.416,32641.224,2872427.712
227,Bangalore Rural,693156,84333.98,8548.924,174444.26,286230,27764.31,1621.97,87109.33
228,Belgaum,2888331,370669.145,45250.519,178113.745,1068594,90830.49,6767.762,257887.352
229,Bellary,1114812,148269.996,20066.616,44964.084,755628,72540.288,7556.28,159941.26
230,Bidar,861402,162804.978,14356.7,25267.792,306807,30680.7,3068.07,69645.189
231,Bijapur,1189347,165319.233,26958.532,19822.45,393123,36298.357,3800.189,77969.395
232,Chamarajanagar,788040,124773,18387.6,40452.72,171600,21392.8,2574,36779.6
233,Chikkaballapura,946947,120893.567,15466.801,72599.27,282159,26240.787,1504.848,79286.679
234,Chikmagalur,934980,141805.3,17141.3,168608.06,242298,24633.63,2342.214,72204.804
235,Chitradurga,1049112,157366.8,20632.536,66793.464,292932,30953.148,1952.88,72158.916
236,Dakshina Kannada,998757,135830.952,12318.003,293301.639,952119,83469.099,5077.968,309756.048
237,Davanagere,1064040,163507.48,20571.44,105694.64,528033,54035.377,4928.308,142392.899
238,Dharwad,599121,80681.628,7788.573,46132.317,850191,82185.13,5667.94,232385.54
239,Gadag,540198,75267.588,9183.366,16566.072,335718,39950.442,3804.804,47336.238
240,Gulbarga,1202112,173905.536,14826.048,18031.68,597909,57399.264,2989.545,135924.646
241,Hassan,1488309,241602.161,30758.386,132459.501,398634,39464.766,3189.072,119457.322
242,Haveri,945228,141469.124,15753.8,88851.432,295464,29447.912,2856.152,68646.136
243,Kodagu,543546,72472.8,8334.372,142771.416,95376,10618.528,1017.344,30838.24
244,Kolar,979701,133565.903,16654.917,83274.585,453126,47729.272,2416.672,121135.684
245,Koppal,818904,107549.392,14194.336,32756.16,194043,17269.827,2393.197,31305.604
246,Mandya,1376601,202819.214,20649.015,126188.425,310305,31961.415,3206.485,88850.665
247,Mysore,1621788,259486.08,28651.588,145960.92,1141158,108410.01,8368.492,358323.612
248,Raichur,991338,142752.672,23461.666,33044.6,376206,38749.218,4514.472,63202.608
249,Ramanagara,800850,116123.25,18152.6,74746,254502,29013.228,2714.688,75078.09
250,Shimoga,1057332,161419.352,25728.412,217810.392,604986,64935.164,6453.184,176857.574
251,Tumkur,2056329,280346.187,39755.694,125436.069,614397,57138.921,5119.975,168959.175
252,Udupi,809451,93086.865,11332.314,225567.012,346716,28893,2427.012,110949.12
253,Uttara Kannada,1002843,160789.161,21393.984,169146.186,421533,52410.603,4496.352,113251.866
254,Yadgir,623361,106386.944,11428.285,8934.841,165624,18991.552,1601.032,22193.616
255,Alappuzha,994257,99094.281,25519.263,301259.871,1176351,104695.239,25487.605,371334.799
256,Ernakulam,1109082,109429.424,18484.7,358233.486,2414991,179514.331,24954.907,791312.051
257,Idukki,1174830,172700.01,32503.63,347358.07,62469,4893.405,291.522,20677.239
258,Kannur,918864,95255.568,18989.856,294955.344,1698573,109841.054,11890.011,557698.135
259,Kasaragod,754923,80273.479,19124.716,223457.208,498492,30740.34,4486.428,160514.424
260,Kollam,1571145,156590.785,39278.625,487054.95,1204245,97945.26,22077.825,386964.06
261,Kottayam,1445901,168688.45,22170.482,462688.32,588582,51991.41,5101.044,192662.508
262,Kozhikode,971379,87747.903,21370.338,314079.21,1999629,128642.799,23995.548,654545.226
263,Malappuram,1903629,175133.868,26650.806,612333.995,1567758,111310.818,13064.65,514747.21
264,Palakkad,1997697,235728.246,35958.546,587322.918,685326,64192.202,7538.586,216791.458
265,Pathanamthitta,1244976,125327.584,20334.608,388847.504,173544,13709.976,1619.744,55534.08
266,Thiruvananthapuram,1677879,191278.206,57047.886,513990.267,1829472,157944.416,37199.264,587260.512
267,Thrissur,1010244,118535.296,17174.148,326308.812,2145357,203808.915,29319.879,702961.977
268,Wayanad,798549,94228.782,23956.47,244089.811,35415,4722,649.275,11250.165
269,Kargil,121110,29591.21,1412.95,39078.16,23322,5348.512,93.288,7579.65
270,Leh(Ladakh),110760,19013.8,775.32,32526.52,52422,9540.804,192.214,16740.092
271,Lakshadweep,15867,2161.0854,92.0286,5186.3934,47859,2284.4696,76.5744,15587.6763
272,Alirajpur,407598,84372.786,5434.64,6793.3,43986,4369.276,381.212,11040.486
273,Anuppur,0,0,0,0,0,0,0,0
274,Ashoknagar,508818,74626.64,4579.362,11872.42,111405,14037.03,631.295,20907.005
275,Balaghat,1200222,153228.342,21603.996,46808.658,212379,20813.142,2406.962,44670.383
276,Barwani,751074,150715.516,13018.616,25786.874,146736,18293.088,2005.392,32330.832
277,Betul,956835,145438.92,15309.36,41143.905,263112,26574.312,2631.12,62796.064
278,Bhind,813633,139944.876,12475.706,25222.623,265155,35972.695,2209.625,59483.105
279,Bhopal,356679,55404.138,5112.399,25561.995,1745478,175129.626,15127.476,488152.014
280,Burhanpur,347937,56133.836,7422.656,21456.115,188583,26213.037,2451.579,43122.646
281,Chhatarpur,1127607,169892.788,9772.594,19545.188,285144,27658.968,1520.768,55032.792
282,Chhindwara,1239426,207810.426,21070.242,50816.466,422406,47168.67,5209.674,93351.726
283,Damoh,910161,164132.367,15169.35,17899.833,199542,22681.274,1928.906,37380.868
284,Datia,481359,74931.551,4332.231,18131.189,130203,15103.548,1302.03,27386.031
285,Dewas,824985,134747.55,17049.69,59673.915,303042,30809.27,2626.364,78083.822
286,Dhar,1237044,232976.62,19380.356,79170.816,310092,31732.748,3100.92,78970.096
287,Dindori,654063,111626.752,5886.567,8066.777,29322,3684.798,537.57,5405.022
288,Guna,638295,104680.38,6170.185,15744.61,216960,24299.52,2386.56,43102.72
289,Gwalior,518160,83078.32,7772.4,29880.56,816516,73214.268,5443.44,236789.64
290,Harda,338142,47565.308,8678.978,43169.462,95535,8438.925,1401.18,25253.085
291,Hoshangabad,628950,92036.35,21384.3,70861.7,317238,30349.102,3595.364,85231.276
292,Indore,601113,82953.594,9217.066,83153.965,1763841,136991.651,15874.569,530916.141
293,Jabalpur,816852,125795.208,15520.188,72972.112,1057431,103628.238,10221.833,282686.554
294,Jhabua,633240,132136.08,10765.08,12242.64,74139,6301.815,444.834,18979.584
295,Katni,828453,128410.215,12150.644,23748.986,218640,20843.68,1749.12,47955.04
296,Khandwa (East Nimar),796989,139207.412,21253.04,46225.362,190275,19725.175,2790.7,43953.525
297,Khargone (West Nimar),1150629,218235.967,24163.209,49860.59,229860,22602.9,2451.84,56545.56
298,Mandla,839022,120819.168,12025.982,18738.158,111774,10655.788,1490.32,24254.958
299,Mandsaur,906861,150236.639,6952.601,40204.171,245496,24140.44,1391.144,55809.424
300,Morena,957894,170824.43,16603.496,21392.966,285864,34017.816,2001.048,70322.544
301,Narsimhapur,691977,112792.251,22604.582,63431.225,159177,17880.883,3130.481,38096.362
302,Neemuch,522705,80670.805,4878.58,22999.02,203886,18757.512,951.468,43223.832
303,Panna,770232,121953.4,7702.32,12837.2,96537,11584.44,740.117,17312.302
304,Raisen,753816,116590.208,18091.584,46485.32,223323,27096.524,2977.64,53597.52
305,Rajgarh,995682,200463.976,21573.11,25887.732,209469,24926.811,2234.336,42592.03
306,Ratlam,800148,153895.132,9335.06,35739.944,321453,29466.525,1500.114,88721.028
307,Rewa,1571730,181796.77,11002.11,93255.98,283467,20598.602,2267.736,56220.955
308,Sagar,1345224,231378.528,21075.176,50221.696,496521,53127.747,4137.675,107083.029
309,Satna,1385493,181037.752,10160.282,105297.468,342519,26716.482,2625.979,69074.665
310,Sehore,811281,117906.172,17848.182,58682.659,177660,18535.86,1480.5,46843.02
311,Seoni,1005135,151105.295,16417.205,50926.84,142626,13169.134,1663.97,35133.538
312,Shahdol,700782,103248.548,6774.226,17753.144,173538,16891.032,1561.842,36847.902
313,Shajapur,937833,177250.437,13754.884,41889.874,221991,23753.037,1775.928,49355.999
314,Sheopur,450438,90688.184,7957.738,8708.468,79128,10708.656,844.032,15087.072
315,Shivpuri,1103577,199747.437,15450.078,20600.104,200277,21029.085,1869.252,43860.663
316,Sidhi,752859,95864.046,4768.107,10289.073,77748,6945.488,388.74,12698.84
317,Singrauli,686196,101557.008,4345.908,5032.104,175779,15878.703,1523.418,30526.953
318,Tikamgarh,968316,144279.084,9360.388,12588.108,180660,19812.38,1625.94,27219.44
319,Ujjain,902295,165119.985,11429.07,53836.935,566052,56793.884,3584.996,157739.824
320,Umaria,414300,65183.2,5800.2,8009.8,89898,8480.378,629.286,16541.232
321,Vidisha,877737,132245.708,8777.37,33646.585,251490,25651.98,1760.43,59938.45
322,Ahmadnagar,3124179,318666.258,77063.082,407184.663,846033,65144.541,7050.275,207560.096
323,Akola,924474,146375.05,21879.218,95220.822,588231,66274.026,7254.849,141763.671
324,Amravati,1526763,226978.766,33588.786,209166.531,818682,85415.822,7913.926,214494.684
325,Aurangabad,1655367,219060.233,44143.12,109254.222,1282029,96579.518,5982.802,373497.782
326,Bhandara,851529,123755.548,22991.283,158384.394,217725,18143.75,2467.55,61180.725
327,Bid,1689342,230876.74,45049.12,86719.556,406371,41720.756,3928.253,93600.787
328,Buldana,1726215,269864.945,38552.135,167442.855,458361,52558.728,5347.545,93047.283
329,Chandrapur,1353972,186396.812,50548.288,131335.284,699993,58799.412,7933.254,167298.327
330,Dhule,1148331,143158.598,13014.418,71579.299,438039,33144.951,2336.208,95346.489
331,Gadchiroli,880758,125067.636,25541.982,65176.092,111762,10058.58,1490.16,24550.386
332,Gondiya,959106,128839.906,16624.504,151858.45,200439,18039.51,2204.829,51646.449
333,Hingoli,727368,113226.952,14547.36,65220.664,125739,16220.331,1299.303,27536.841
334,Jalgaon,2388669,309730.747,43792.265,179946.398,1120695,101236.115,6350.605,242443.685
335,Jalna,1214238,165945.86,27927.474,118185.832,294252,35800.66,3040.604,68854.968
336,Kolhapur,2389488,193548.528,15929.92,592593.024,1148454,84985.596,4593.816,285965.046
337,Latur,1285848,171875.016,24431.112,106296.768,471048,48046.896,4082.416,122315.464
338,Mumbai,0,0,0,0,2214642,290118.102,16609.815,741905.07
339,Mumbai Suburban,0,0,0,0,6157658,834362.659,43103.606,1684119.463
340,Nagpur,1292532,168029.16,35760.052,198619.084,2632566,207972.714,24570.616,789769.8
341,Nanded,1773357,302652.928,46107.282,113494.848,691689,80697.05,9222.52,168772.116
342,Nandurbar,1000320,163052.16,13004.16,74357.12,214716,20899.024,2361.876,45448.22
343,Nashik,2713983,312108.045,50661.016,265065.673,2292813,185717.853,19106.775,528111.261
344,Osmanabad,1101474,140254.356,22763.796,81509.076,233496,24594.912,2179.296,44986.896
345,Parbhani,880440,138816.04,24358.84,39032.84,401277,47885.722,5885.396,89484.771
346,Pune,3497154,278606.602,57120.182,720413.724,6170217,429858.451,26737.607,1655674.895
347,Raigarh,1745604,164668.644,20947.248,296170.812,1131480,66757.32,4148.76,305499.6
348,Ratnagiri,1615614,154560.406,22080.058,361897.536,302472,16736.784,1915.656,82675.68
349,Sangli,1880616,171762.928,31970.472,379257.56,680403,57380.653,5443.224,175997.576
350,Satara,2323566,215317.116,41049.666,542939.922,602847,41596.443,5425.623,151515.546
351,Sindhudurg,887541,81653.772,13608.962,220110.168,134967,10707.382,1349.67,39050.452
352,Solapur,2339787,230858.984,60834.462,250357.209,1128906,115901.016,7149.738,229167.918
353,Thane,2141982,262749.792,41411.652,283455.618,8712471,630202.069,31945.727,2163596.965
354,Wardha,805458,117328.382,25506.17,126725.392,360654,28852.32,4448.066,94250.912
355,Washim,824775,127290.275,18419.975,75604.375,167763,19963.797,1453.946,37634.833
356,Yavatmal,1887729,295114.967,50968.683,137174.974,506667,49484.477,6586.671,115182.298
357,Bishnupur,104931,12137.019,2063.643,31864.047,63516,6372.772,868.052,19986.368
358,Chandel,91131,17740.168,1245.457,23420.667,11349,1539.681,590.148,3665.727
359,Churachandpur,158916,28392.992,1218.356,43595.956,14559,2547.825,111.619,4794.764
360,Imphal East,193263,23449.244,2963.366,58558.689,139560,14653.8,1488.64,44426.6
361,Imphal West,153165,16899.205,2705.915,46970.6,257238,26152.53,3772.824,82916.382
362,Senapati,114024,22690.776,836.176,27555.8,5478,1157.684,32.868,1782.176
363,Tamenglong,71946,13573.812,2014.488,15924.048,12357,2253.093,428.376,3983.073
364,Thoubal,197883,22096.935,3627.855,60486.237,114906,10264.936,1991.704,36042.182
365,Ukhrul,108252,25403.136,1876.368,29011.536,17418,3274.584,243.852,5579.566
366,East Garo Hills,188094,30659.322,2257.128,49719.514,34554,4872.114,138.216,11137.906
367,East Khasi Hills,318744,56205.192,9881.064,47067.864,326529,25578.105,2285.703,105468.867
368,Jaintia Hills,229638,35517.344,6429.864,33374.056,21513,1003.94,150.591,6891.331
369,Ribhoi,173964,31255.532,3421.292,37170.308,17208,1955.976,177.816,5242.704
370,South Garo Hills,107790,18396.16,1437.2,22779.62,11139,1555.747,100.251,3245.162
371,West Garo Hills,418053,68281.99,7664.305,78454.613,55782,6340.554,1171.422,17459.766
372,West Khasi Hills,224496,41980.752,6884.544,30531.456,36897,5755.932,565.754,11130.595
373,Aizawl,61710,7117.22,349.69,20035.18,241023,13336.606,562.387,79778.613
374,Champhai,55185,8866.39,882.96,17456.855,38151,5646.348,190.755,12386.358
375,Kolasib,29007,4554.099,212.718,9253.233,37521,4815.195,300.168,12081.762
376,Lawngtlai,65979,10930.521,1143.636,13305.765,15819,1824.458,84.368,5183.359
377,Lunglei,64437,10696.542,837.681,17290.595,51945,4640.42,138.52,16830.18
378,Mamit,50178,8312.822,986.834,13899.306,12387,883.606,41.29,4075.323
379,Saiha,21129,2281.932,366.236,6127.41,17352,1660.008,133.032,5645.184
380,Serchhip,22416,3885.44,463.264,7203.008,24054,3736.388,769.728,7969.892
381,Dimapur,147348,21954.852,1571.712,44990.256,188559,21747.138,1319.913,60841.704
382,Kiphire,48096,9170.304,160.32,5867.712,12870,1192.62,17.16,4088.37
383,Kohima,95535,10699.92,191.07,16623.09,132765,14117.345,840.845,40714.6
384,Longleng,38058,8385.446,279.092,8753.34,7353,1561.287,137.256,1855.407
385,Mokokchung,112608,12799.776,187.68,36147.168,53226,5854.86,124.194,17475.87
386,Mon,130821,27908.48,610.498,27341.589,22245,3611.105,415.24,6984.93
387,Peren,60612,10708.12,181.836,15577.284,12219,2488.603,85.533,3783.817
388,Phek,116709,21163.232,933.672,29332.862,21885,2837.755,29.18,6828.12
389,Tuensang,122070,22379.5,1383.46,20263.62,28353,5094.089,292.981,8392.488
390,Wokha,115497,19865.484,384.99,22906.905,24510,1772.89,16.34,7900.39
391,Zunheboto,93801,13820.014,531.539,22418.439,18132,2181.884,12.088,5705.536
392,Central,0,0,0,0,389794,76594.521,6236.704,176966.476
393,East,3258,72.762,13.032,1065.366,1383396,111593.944,8761.508,430697.288
394,New Delhi,0,0,0,0,105328,15167.232,1948.568,41025.256
395,North,13536,1141.536,40.608,4421.76,889677,110023.389,10379.565,266606.541
396,North East,15978,1938.664,149.128,5059.7,1446765,171682.78,9645.1,458624.505
397,North West,202776,31497.872,3041.64,43326.472,2877825,329990.6,31656.075,824017.225
398,South,8754,1205.134,134.228,2643.708,2184435,220627.935,21116.205,640767.6
399,South West,123537,14618.545,1358.907,36113.983,1819509,168001.331,15769.078,553130.736
400,West,5427,873.747,32.562,1575.639,2099109,201514.464,19591.684,629032.997
401,Anugul,1021230,219224.04,40849.2,56848.47,222531,28780.676,4895.682,47473.28
402,Balangir,1430310,327064.22,33373.9,48153.77,186576,29168.048,4229.056,36133.552
403,Baleshwar,1803462,373316.634,69733.864,136461.958,247320,34789.68,5935.68,56059.2
404,Bargarh,1234698,275337.654,34983.11,50622.618,142185,22133.465,2227.565,25688.09
405,Baudh,394131,98664.127,6174.719,11823.93,19731,3689.697,355.158,3374.001
406,Bhadrak,1121586,240393.266,33273.718,59817.92,162732,28586.588,4014.056,28098.392
407,Cuttack,1738587,318740.95,58532.429,129814.496,632304,77141.088,13489.152,164399.04
408,Debagarh,274224,68556,12248.672,5393.072,22050,4579.05,404.25,3770.55
409,Dhenkanal,946170,206580.45,36269.85,44785.38,110937,15457.222,2810.404,22113.442
410,Gajapati,456285,101903.65,8973.605,19316.065,69150,9381.35,1152.5,13069.35
411,Ganjam,2386428,490013.216,75570.22,151935.916,659754,87747.282,11435.736,143606.454
412,Jagatsinghapur,929055,177449.505,21987.635,68440.385,129141,24622.884,1592.739,19285.056
413,Jajapur,1486833,286463.158,72359.206,98626.589,136584,19531.512,3186.96,27863.136
414,Jharsuguda,309672,73805.16,6090.216,9703.056,221886,33652.71,4141.872,39643.632
415,Kalahandi,1369008,320804.208,42895.584,37419.552,115236,18360.936,2650.428,22586.256
416,Kandhamal,655338,150290.848,14417.436,13762.098,73467,11387.385,1567.296,13836.285
417,Kendrapara,1244247,236406.93,31106.175,65530.342,70482,10478.324,2067.472,13579.532
418,Kendujhar,1471902,343443.8,42194.524,45628.962,250992,40828.032,6442.128,42501.312
419,Khordha,995502,207064.416,28205.89,60725.622,1070685,130623.57,18201.645,273381.57
420,Koraput,1145367,250835.373,20234.817,31306.698,235017,30473.871,4386.984,50842.011
421,Malkangiri,503652,112985.932,12423.416,10073.04,47517,7238.423,1330.476,7555.203
422,Mayurbhanj,2067330,499604.75,59263.46,103366.5,193437,28241.802,5222.799,41266.56
423,Nabarangapur,1028520,237588.12,15084.96,19884.72,88272,15123.936,1441.776,15712.416
424,Nayagarh,784938,168238.378,31920.812,41601.714,80064,12943.68,2028.288,14891.904
425,Nuapada,591774,143801.082,9468.384,25051.766,35607,6254.963,771.485,5744.596
426,Puri,1206042,257690.974,45025.568,62714.184,216630,33505.44,4188.18,52929.93
427,Rayagada,712029,165428.071,13528.551,15664.638,147615,17615.39,2115.815,29769.025
428,Sambalpur,662091,153825.809,17214.366,18979.942,284394,39056.776,4929.496,56404.81
429,Subarnapur,530781,130925.98,12738.744,13977.233,49725,10177.05,961.35,6464.25
430,Sundargarh,1163733,294424.449,22498.838,32584.524,690453,107940.819,10126.644,150748.905
431,Karaikal,106854,13107.424,747.978,16954.168,101145,7080.15,404.58,25083.96
432,Mahe,0,0,0,0,24220,1913.38,133.21,11843.58
433,Pondicherry,261888,27847.424,2269.696,31251.968,611223,38710.79,2444.892,168086.325
434,Yanam,0,0,0,0,31038,2389.926,108.633,12710.061
435,Amritsar,826431,152063.304,21487.206,167490.016,1156428,163827.3,20815.704,360034.584
436,Barnala,307731,50980.769,6667.505,82266.754,162666,22231.02,3199.098,48908.244
437,Bathinda,654477,111479.249,16143.766,183908.037,412689,44570.412,7428.402,128071.153
438,Faridkot,299838,48973.54,7695.842,80056.746,176751,23802.468,4772.277,54674.976
439,Fatehgarh Sahib,352677,45965.569,7523.776,96986.175,172011,20239.961,2580.165,53839.443
440,Firozpur,1045566,177397.698,37640.376,232115.652,461604,63239.748,10924.628,139558.276
441,Gurdaspur,1262580,207904.84,37877.4,210850.86,556464,76235.568,9645.376,158777.728
442,Hoshiarpur,1268019,173295.93,27473.745,240923.61,385776,44107.056,6301.008,114318.288
443,Jalandhar,991017,154268.313,20481.018,251057.64,1133373,143938.371,18133.968,361923.778
444,Kapurthala,496299,68489.262,10091.413,128045.142,287310,30646.4,3926.57,90119.57
445,Ludhiana,1185096,178159.432,28047.272,345653,1925367,262491.701,31447.661,621893.541
446,Mansa,436809,67705.395,10483.416,91584.287,152358,17318.026,2996.374,43168.1
447,Moga,642885,96861.34,15857.83,183007.93,222432,25802.112,4967.648,70214.368
448,Muktsar,448521,78939.696,15997.249,108093.561,223950,30083.95,6793.15,67035.7
449,Patiala,897837,143653.92,21248.809,231342.667,654270,70224.98,9159.78,211329.21
450,Rupnagar,444486,52745.672,8889.72,84304.178,181611,16708.212,3026.85,55512.429
451,Sahibzada Ajit Singh Nagar,351879,50670.576,8562.389,71196.851,522126,41247.954,6613.596,160814.808
452,Sangrur,876468,133515.292,17821.516,229634.616,470364,53935.072,7369.036,144244.96
453,Shahid Bhagat Singh Nagar,549504,73450.368,9891.072,122356.224,145149,17417.88,3144.895,41173.933
454,Tarn Taran,668151,124053.369,18040.077,144320.616,133371,19383.252,3156.447,38988.789
455,Ajmer,1228005,204258.165,13917.39,57716.235,824757,76702.401,3024.109,236980.178
456,Alwar,2346882,309006.13,28162.584,115779.512,638901,61334.496,3407.472,168882.831
457,Banswara,1171311,267839.782,35529.767,26940.153,118221,9260.645,906.361,32510.775
458,Baran,747552,126336.288,7724.704,18688.8,209412,24361.596,1396.08,39997.692
459,Barmer,1628475,322438.05,28769.725,52654.025,167940,16234.2,1399.5,46351.44
460,Bharatpur,0,0,0,0,389091,54472.74,3112.728,90139.415
461,Bhilwara,1590045,294158.325,19080.54,55651.575,437595,43905.365,1896.245,108961.155
462,Bikaner,1007262,169891.524,16451.946,99047.43,588537,53556.867,3335.043,181661.754
463,Bundi,719508,135027.668,8154.424,19906.388,190356,21319.872,1269.04,40736.184
464,Chittaurgarh,1100340,201362.22,13204.08,35210.88,266619,23817.964,1599.714,64432.925
465,Churu,1034691,135199.624,20004.026,162101.59,446988,45294.784,3277.912,130371.5
466,Dausa,1083252,170070.564,19137.452,33580.812,178830,15975.48,834.54,45899.7
467,Dhaulpur,644010,125367.28,14168.22,10304.16,175878,23333.148,2051.91,36817.128
468,Dungarpur,968448,200468.736,20014.592,29376.256,94641,8076.032,662.487,23376.327
469,Ganganagar,1193091,167430.437,9942.425,323327.661,494691,53096.834,5441.601,154343.592
470,Hanumangarh,1167177,143173.712,9337.416,320195.557,326082,34999.468,3369.514,102063.666
471,Jaipur,2264523,321562.266,31703.322,166065.02,2933514,264994.098,11734.056,886899.066
472,Jaisalmer,477351,89264.637,5091.744,26572.539,92490,12455.32,524.11,20501.95
473,Jalor,1257648,218411.536,35214.144,47371.408,144606,17593.73,1928.08,29837.038
474,Jhalawar,895872,178278.528,12840.832,21500.928,191289,19128.9,1339.023,42657.447
475,Jhunjhunun,1501356,122110.288,12010.848,228706.564,451071,38190.678,2706.426,124044.525
476,Jodhpur,1752645,289186.425,30379.18,80037.455,922326,79320.036,5226.514,277005.242
477,Karauli,915141,190349.328,17082.632,25013.854,177924,24612.82,1838.548,37008.192
478,Kota,610362,94199.202,5696.712,25024.842,935205,91338.355,5922.965,239412.48
479,Nagaur,2027136,313530.368,42569.856,179063.68,499467,53276.48,3995.736,134190.134
480,Pali,1538727,256967.409,27697.086,95913.983,419424,46416.256,3495.2,96607.328
481,Pratapgarh,629439,132601.816,5245.325,13008.406,72807,5824.56,339.766,17012.569
482,Rajsamand,913866,166323.612,12794.124,34422.286,183162,18865.686,610.54,43592.556
483,Sawai Madhopur,846171,155695.464,12410.508,24821.016,213792,24799.872,1852.864,51452.608
484,Sikar,1582680,165653.84,14771.68,212079.12,534822,47955.706,2852.384,150998.078
485,Sirohi,715605,121175.78,16458.915,38642.67,208917,18663.252,1323.141,47493.798
486,Tonk,896733,161710.851,5679.309,20624.859,245265,29677.065,2043.875,53713.035
487,Udaipur,1996347,399934.849,25287.062,61886.757,548307,40209.18,2193.228,157546.878
488,East District,121878,16900.416,3046.95,34857.108,124536,7638.208,705.704,39394.888
489,North  District,34629,5228.979,427.091,8657.25,6198,419.398,37.188,2010.218
490,South District,93405,14104.155,1836.965,26433.615,24489,1248.939,73.467,7991.577
491,West District,96273,16558.956,2535.189,26988.531,5658,290.444,124.476,1684.198
492,Ariyalur,671865,84878.945,7614.47,31801.61,90966,8399.194,606.44,15555.186
493,Chennai,0,0,0,0,2628250,228657.75,11827.125,1256303.5
494,Coimbatore,854385,78033.83,4556.72,94836.735,2654871,213274.637,7079.656,689381.503
495,Cuddalore,1492287,193499.881,11938.296,98988.371,782340,68845.92,3911.7,178895.08
496,Dharmapuri,1190457,131347.089,9920.475,42459.633,273321,20954.61,1457.712,53753.13
497,Dindigul,1331454,139802.67,7988.724,83881.602,809172,69858.516,3776.136,154821.576
498,Erode,1233858,117627.796,8225.72,138603.382,1297194,102910.724,4756.378,275869.924
499,Kancheepuram,1316397,139099.283,10092.377,128568.107,2324115,136348.08,6197.64,663147.48
500,Kanniyakumari,312759,37114.068,2814.831,86634.243,1481364,162950.04,14813.64,436508.592
501,Karur,636723,61549.89,4669.302,48815.43,457260,30636.42,1371.78,102273.82
502,Krishnagiri,1313964,143222.076,9635.736,84093.696,427656,26087.016,855.312,111618.216
503,Madurai,1253154,134087.478,8772.078,86467.626,1778169,102541.079,4741.784,502629.104
504,Nagapattinam,1197048,178360.152,12768.512,124492.992,356172,36804.44,2849.376,82750.628
505,Namakkal,1111071,94070.678,6666.426,115551.384,771381,62481.861,3085.524,140391.342
506,Perambalur,466239,46934.726,3419.086,24244.428,99537,5607.251,298.611,18314.808
507,Pudukkottai,1199136,157886.24,16787.904,70749.024,312687,26161.479,1667.664,72230.697
508,Ramanathapuram,871434,99924.432,8714.34,65357.55,380283,31817.011,2028.176,89493.266
509,Salem,1718439,184445.786,13174.699,83630.698,1792617,145799.516,7768.007,328048.911
510,Sivaganga,927672,98024.008,9276.72,73904.536,429579,31502.46,2004.702,112406.505
511,Thanjavur,1437210,206479.17,21558.15,137972.16,822906,78724.674,5486.04,205177.896
512,The Nilgiris,336378,38795.596,2354.646,47429.298,455937,55320.356,2887.601,89515.631
513,Theni,567984,66643.456,3975.888,46953.344,663885,66167.205,2876.835,115073.4
514,Thiruvallur,1161711,125464.788,12778.821,109588.071,2196588,132527.476,7321.96,650190.048
515,Thiruvarur,963993,143956.288,13174.571,101219.265,260544,24230.592,1476.416,63225.344
516,Thoothukkudi,1008234,112586.13,6721.56,94773.996,901983,69753.352,3908.593,219783.191
517,Tiruchirappalli,1358121,134906.686,10864.968,108649.68,1269060,90526.28,5076.24,313880.84
518,Tirunelveli,1643886,166032.486,8767.392,181923.384,1550115,129692.955,5683.755,325007.445
519,Tiruppur,1070658,98500.536,6067.062,110277.774,1614066,126973.192,3766.154,403516.5
520,Tiruvannamalai,1689306,163299.58,12951.346,70387.75,441183,27500.407,1911.793,95736.711
521,Vellore,1960497,181672.722,15030.477,125471.808,1460403,102228.21,7302.015,346602.312
522,Viluppuram,2424126,290895.12,16160.84,106661.544,477816,37906.736,2389.08,104482.432
523,Virudhunagar,1091346,98221.14,6184.294,53112.172,1112826,71591.806,3338.478,173971.798
524,Adilabad,1792398,213295.362,38835.29,82450.308,660744,51758.28,6166.944,155715.336
525,Hyderabad,0,0,0,0,2132578,203661.199,9596.601,1050294.665
526,Karimnagar,2631708,284224.464,44739.036,300014.712,864132,60489.24,5184.792,243109.136
527,Khammam,2007786,226879.818,34801.624,250303.988,604089,45508.038,4429.986,171964.002
528,Mahbubnagar,2546889,261480.604,52635.706,151964.377,483156,30599.88,2737.884,125781.612
529,Medak,1780959,205403.938,26120.732,188781.654,586437,37922.926,2345.748,165375.234
530,Nalgonda,2500512,285058.368,49176.736,265887.776,592299,47976.219,3356.361,160315.596
531,Nizamabad,1695495,179722.47,24302.095,166158.51,465399,39403.782,3412.926,132638.715
532,Rangareddy,1296294,110184.99,9506.156,187962.63,3387672,182934.288,7904.568,1084055.04
533,Warangal,2276214,294390.344,64492.73,225345.186,864747,68315.013,8359.221,237517.176
534,Dhalai,268371,42492.075,6440.904,59399.448,42213,5628.4,1266.39,13564.444
535,North Tripura,451311,72811.508,12486.271,122606.155,126552,14511.296,2995.064,40918.48
536,South Tripura,657513,94024.359,9862.695,181035.246,134718,12304.244,1616.616,44007.88
537,West Tripura,868863,119903.094,11584.84,246757.092,651048,69879.152,7812.576,212892.696
538,Agra,1490913,262897.659,21369.753,82497.186,1220556,155417.464,7730.188,333618.64
539,Aligarh,1746351,330060.339,25031.031,124573.038,827826,116999.408,7450.434,232895.048
540,Allahabad,2949798,479833.808,45230.236,153389.496,795912,80917.72,7693.816,222855.36
541,Ambedkar Nagar,1504677,232723.376,49654.341,69716.701,195093,27313.02,6373.038,35376.864
542,Auraiya,767508,141221.472,23025.24,52190.544,175314,22557.068,2337.52,43945.376
543,Azamgarh,2673072,430364.592,80192.16,149692.032,241302,30082.316,3860.832,51960.364
544,Baghpat,738165,128686.765,7873.76,144680.34,209973,32545.815,2169.721,60542.215
545,Bahraich,2095560,430986.84,60072.72,73344.6,185226,25931.64,3519.294,49084.89
546,Ballia,1694781,269470.179,72310.656,125413.794,193362,23267.894,5994.222,39316.94
547,Balrampur,1230210,232509.69,27474.69,41827.14,107304,14486.04,1466.488,25717.192
548,Banda,1134168,199991.624,4158.616,75611.2,202707,23784.288,1148.673,49663.215
549,Bara Banki,1907520,323642.56,75664.96,83930.88,237204,31231.86,6957.984,53608.104
550,Bareilly,1894839,397916.19,48634.201,282962.624,1088394,169063.868,14511.92,334862.554
551,Basti,1541880,207125.88,51396,67328.76,93195,11090.205,2112.42,22397.865
552,Bijnor,2051625,359718.25,37613.125,344673,673944,95924.696,7188.736,207574.752
553,Budaun,2132868,464965.224,57587.436,149300.76,470004,81154.024,9870.084,121417.7
554,Bulandshahr,1975347,370706.787,28313.307,203460.741,664884,95964.924,6205.584,188383.8
555,Chandauli,1034811,169019.13,23455.716,64848.156,152466,18702.496,2337.812,35168.824
556,Chitrakoot,621711,108799.425,3730.266,24453.966,70674,11001.586,636.066,13828.546
557,Deoria,1793334,277966.77,50811.13,99828.926,203784,22823.808,4483.248,42387.072
558,Etah,1002738,189183.236,23397.22,30750.632,203256,29404.368,2100.312,53049.816
559,Etawah,796929,145306.721,20720.154,52597.314,256449,34620.615,3590.286,71292.822
560,Faizabad,1531134,262334.292,47465.154,74004.81,237864,28622.968,3885.112,60417.456
561,Farrukhabad,949941,188721.612,27231.642,75678.633,284529,43343.251,4457.621,77486.731
562,Fatehpur,1676421,320755.218,31851.999,102261.681,233199,31792.797,3342.519,56045.493
563,Firozabad,1049241,201454.272,23433.049,39871.158,556863,96708.541,7424.84,152394.841
564,Gautam Buddha Nagar,512505,72263.205,4100.04,88321.695,1016805,95240.735,4406.155,310125.525
565,Ghaziabad,1066221,180191.349,12794.652,212533.386,2508948,285183.756,15053.688,792827.568
566,Ghazipur,2100519,358488.576,72817.992,130232.178,184401,23603.328,4487.091,40260.885
567,Gonda,2020734,344198.358,76114.314,53212.662,158382,17158.05,2322.936,40704.174
568,Gorakhpur,2285874,356596.344,67814.262,141724.188,567510,59777.72,6999.29,152092.68
569,Hamirpur,768243,129320.905,3841.215,64020.25,165900,20516.3,884.8,37991.1
570,Hardoi,2359839,490059.899,65288.879,136870.662,363192,56173.696,7990.224,89587.36
571,Jalaun,914568,174682.488,8840.824,86274.248,274695,37633.215,3204.775,69223.14
572,Jaunpur,2778264,426926.568,66678.336,142617.552,241746,35858.99,3545.608,57857.876
573,Jhansi,928776,146746.608,6191.84,64085.544,585963,64260.609,3711.099,139849.836
574,Jyotiba Phule Nagar,1007664,203212.24,19817.392,135362.864,346458,58551.402,4619.44,106247.12
575,Kannauj,899355,174774.655,26381.08,65053.345,197955,28571.505,3893.115,49884.66
576,Kanpur Dehat,1091799,206713.944,30570.372,83704.59,123969,16322.585,2438.057,27397.149
577,Kanpur Nagar,1094607,214542.972,25175.961,86109.084,2054718,265058.622,32875.488,583539.912
578,Kanshiram Nagar,813702,166808.91,24139.826,30378.208,217470,36317.49,3189.56,55744.81
579,Kaushambi,1049568,193120.512,15393.664,48280.128,92292,13197.756,1353.616,15812.696
580,Kheri,2264814,483160.32,83798.118,138153.654,323016,49313.776,9582.808,82046.064
581,Kushinagar,2226972,414959.116,63097.54,109863.952,128325,16553.925,4020.85,26648.825
582,Lalitpur,774039,136230.864,6966.351,30961.56,131457,15862.478,1139.294,27562.151
583,Lucknow,1032465,196856.66,28564.865,73993.325,2152698,223163.026,29420.206,629305.382
584,Mahamaya Nagar,864450,158770.65,12102.3,47544.75,254649,39385.712,2716.256,61709.941
585,Mahoba,594894,100537.086,3371.066,35297.044,145575,23631.675,776.4,26543.175
586,Mahrajganj,1719138,294545.644,50428.048,95698.682,102099,13374.969,1973.914,19875.272
587,Mainpuri,1015425,180745.65,25385.625,45694.125,218349,30277.728,3202.452,54878.382
588,Mathura,1222464,217191.104,16299.52,79867.648,533406,72009.81,4089.446,144375.224
589,Mau,1056621,166241.704,35572.907,61988.432,297963,43800.561,6753.828,63068.835
590,Meerut,1144560,190378.48,15642.32,202587.12,1266909,151606.777,8868.363,392319.487
591,Mirzapur,1395456,240018.432,22327.296,89309.184,233889,31730.941,2728.705,53404.655
592,Moradabad,2077194,439672.73,41543.88,330966.244,1066554,164249.316,11376.576,332764.848
593,Muzaffarnagar,2021238,338220.492,30992.316,369886.554,888312,118441.6,9475.328,274192.304
594,Pilibhit,1115256,233088.504,34201.184,131971.96,268914,40874.928,7529.592,79598.544
595,Pratapgarh,2133255,317854.995,44798.355,80352.605,125103,13219.217,1251.03,26730.341
596,Rae Bareli,2115075,390583.85,54991.95,94473.35,220179,25027.013,3816.436,52182.423
597,Rampur,1190325,257506.975,24600.05,223781.1,429651,69460.245,5585.463,135053.631
598,Saharanpur,1815246,281363.13,34489.674,259580.178,852468,105990.188,8808.836,261423.52
599,Sant Kabir Nagar,974916,141037.848,33147.144,39971.556,81537,10300.841,1739.456,13507.963
600,Sant Ravidas Nagar (Bhadohi),880530,140004.27,18197.62,36982.26,137991,20238.68,2621.829,25574.332
601,Shahjahanpur,1560867,319977.735,62434.68,140478.03,404142,66952.858,11046.548,115719.326
602,Shrawasti,746310,139808.74,16916.36,25872.08,25512,3189,850.4,5357.52
603,Siddharthnagar,1440495,215113.92,31690.89,49937.16,100044,11805.192,1734.096,15640.212
604,Sitapur,2482749,512273.877,100137.543,98482.377,333957,47199.256,9462.115,80149.68
605,Sonbhadra,1011144,188072.784,6066.864,46175.576,273120,31317.76,4278.88,64365.28
606,Sultanpur,2519211,418189.026,72217.382,110005.547,149673,14817.627,2195.204,36370.539
607,Unnao,1788951,351827.03,43531.141,94218.086,363117,53499.238,6172.989,86784.963
608,Varanasi,1316805,208933.06,29408.645,118951.385,948387,113174.182,11064.515,281354.81
609,Almora,780168,62673.496,4420.952,134188.896,63246,3056.89,274.066,19374.358
610,Bageshwar,288093,24103.781,2784.899,51376.585,11640,353.08,34.92,3492
611,Chamoli,490302,42983.142,4085.85,76813.98,68718,2657.096,206.154,20042.75
612,Champawat,255606,34336.406,5112.12,34421.608,38517,3607.759,757.501,10258.361
613,Dehradun,684735,60941.415,8901.555,170270.77,808179,54956.172,6465.432,256462.136
614,Garhwal,839046,70200.182,5034.276,135086.406,110340,5296.32,404.58,34830.66
615,Hardwar,905484,145782.924,15996.884,151517.656,558549,47104.299,4096.026,172405.458
616,Nainital,579258,61208.262,9847.386,134001.684,316731,20904.246,3167.31,100086.996
617,Pithoragarh,551061,46656.498,4224.801,88169.76,78768,2599.344,131.28,25337.04
618,Rudraprayag,338115,22315.59,2141.395,57479.55,13362,432.038,13.362,4079.864
619,Tehri Garhwal,681177,62668.284,6357.652,113756.559,81531,2880.762,190.239,26062.743
620,Udham Singh Nagar,808218,123657.354,18050.202,153292.014,435759,52872.092,5810.12,133632.76
621,Uttarkashi,336444,30279.96,3364.44,44298.46,27183,1440.699,72.488,8290.815
622,Bankura,2701545,471869.86,105360.255,148584.975,272655,35263.38,8088.765,54894.54
623,Barddhaman,4094604,707001.624,128297.592,629204.148,2587104,329424.576,54329.184,616593.12
624,Birbhum,2493132,432142.88,129642.864,155405.228,403695,50192.745,12514.545,82892.04
625,Dakshin Dinajpur,1172847,225186.624,46522.931,107510.975,210231,24036.411,6517.161,64190.532
626,Darjiling,909852,164379.928,24262.72,158617.532,647025,68368.975,11430.775,187637.25
627,Haora,1450152,195287.136,67190.376,290997.168,2607939,305998.176,56505.345,725876.355
628,Hugli,2976255,451398.675,116073.945,596243.085,1943859,218360.161,34341.509,575382.264
629,Jalpaiguri,2395134,461462.484,127740.48,296198.238,958278,118826.472,33539.73,262887.598
630,Koch Bihar,2410221,463565.839,101229.282,447497.699,291993,32995.209,7689.149,87889.893
631,Kolkata,0,0,0,0,2616212,404204.754,35318.862,1241392.594
632,Maldah,2490954,489887.62,93825.934,210900.772,386034,62408.83,10680.274,95607.754
633,Murshidabad,4503198,842098.026,255181.22,520869.902,1052697,170186.015,40704.284,216855.582
634,Nadia,3244143,582864.359,168695.436,771024.653,1405170,192976.68,49649.34,437007.87
635,North Twenty Four Parganas,3628011,559923.031,238239.389,954166.893,4949409,551034.202,89089.362,1550814.82
636,Paschim Medinipur,4093005,712182.87,180092.22,571656.365,603144,65943.744,16686.984,155209.056
637,Purba Medinipur,3579018,584572.94,215934.086,1021213.136,512121,59406.036,17241.407,141345.396
638,Puruliya,1959657,409568.313,48338.206,39846.359,298299,43253.355,6662.011,50611.397
639,South Twenty Four Parganas,4706406,782832.198,254145.924,862841.1,1834290,235400.55,49525.83,508098.33
640,Uttar Dinajpur,2051943,396024.999,84813.644,140900.086,282807,37707.6,13763.274,75980.814
